,City,Country Code,Latitude,Longitude,Temperature (F),Humidity,Cloudiness,Wind Speed (MPH)
0,magdalena,mx,20.916667,-103.95,80.79,23,0,2.37
1,loksa,ee,59.5763889,25.7213889,23.0,67,40,5.82
2,san juan,ph,13.327,123.3167,74.31,90,56,6.62
3,pabellon de hidalgo,mx,22.166667,-102.35,75.2,16,5,3.36
4,nefteyugansk,ru,61.083333,72.7,3.2,77,64,4.47
5,saint-louis,re,-21.2666667,55.4166667,75.2,69,0,3.36
6,morehead,pg,-8.55,141.65,72.65,98,20,5.39
7,karchaghbyur,am,40.1638889,45.5722222,38.99,59,0,7.07
8,kubanskiy,ru,45.929167,40.580556,51.05,82,0,14.56
9,abuyog,ph,10.747,125.0107,74.94,100,64,6.96
10,madgaon,in,15.3,73.95,78.68,100,0,4.38
11,fujinomiya,jp,35.216667,138.616667,34.71,85,0,2.93
12,epanomi,gr,40.4272222,22.9283333,55.4,66,40,1.12
13,cockenzie,gb,55.95,-2.95,46.4,81,90,12.75
14,nijar,es,36.966298,-2.204491,60.8,72,0,2.26
15,zunheboto,in,25.966667,94.516667,48.39,91,0,0.81
16,bacsbokod,hu,46.124996,19.156207,43.58,72,76,5.39
17,burlington,us,40.8075,-91.1127778,42.8,87,90,10.29
18,castlewood,us,39.5847222,-104.9005556,41.0,85,40,4.7
19,alagoinhas,br,-12.116667,-38.433333,79.44,71,92,9.08
20,villa florida,py,-26.383333,-57.15,76.97,76,80,3.71
21,pearland,us,29.5633333,-95.2858333,82.4,61,75,11.41
22,lesosibirsk,ru,58.235833,92.482778,26.03,77,88,7.96
23,el cope,pa,8.6166667,-80.6,86.91,63,20,16.35
24,eschwege,de,51.183333,10.066667,44.6,81,75,11.41
25,surani,ro,45.2,26.166667,34.85,98,48,4.94
26,leamington,ca,42.05,-82.583333,51.8,93,90,8.05
27,necsesti,ro,44.25,25.15,34.62,90,36,6.96
28,saint-denis,ca,45.783333,-73.15,44.6,39,75,16.11
29,rasmiresti,ro,43.983333,25.55,37.1,91,32,8.19
30,berwick,us,43.2658333,-70.865,48.2,22,1,3.36
31,villaviciosa de odon,es,40.356923,-3.900107,66.2,36,0,10.29
32,caramutan,ph,15.916667,120.616667,66.35,89,36,2.71
33,krabi,th,8.072574,98.910516,80.6,83,20,4.7
34,dubreka,gn,9.7911111,-13.5233333,86.0,48,75,11.41
35,chernyshkovskiy,ru,48.421875,42.230825,42.27,87,92,13.67
36,superior,us,39.9527778,-105.1680556,46.4,92,40,4.7
37,calansayan,ph,13.766667,121.066667,70.22,95,68,2.71
38,arnedo,es,42.226301,-2.101386,64.4,48,20,9.17
39,honolulu,us,21.3069444,-157.8583333,73.4,73,20,3.71
40,barcs,hu,45.96,17.458611,41.64,81,8,3.71
41,zielona gora,pl,51.939345,15.505772,38.9,75,48,3.71
42,cucaita,co,5.543728,-73.454331,62.61,81,80,2.48
43,celaya,mx,20.516667,-100.816667,77.0,25,5,12.75
44,baoro,cf,5.6666667,15.9666667,79.85,63,0,5.5
45,breznita-motru,ro,44.566667,23.216667,39.2,91,0,8.05
46,betki,ru,54.8,53.633333,28.64,93,80,12.44
47,dobris,cz,49.780879,14.170542,41.0,94,0,4.7
48,doftana,ro,45.15,25.8,39.2,93,75,2.24
49,karaman,tr,37.181111,33.215,49.11,35,0,3.94
50,glebychevo,ru,60.452903,28.721394,22.25,80,56,3.71
51,rajpur,in,21.933333,75.133333,72.11,33,32,4.72
52,meise,be,50.933333,4.333333,48.2,93,75,6.93
53,curug,id,-6.253333,106.617222,77.0,94,20,4.7
54,beipiao,cn,41.791944,120.779167,56.36,45,80,13.0
55,auerbach,de,50.516667,12.4,42.8,74,0,3.36
56,dombasle-sur-meurthe,fr,48.625201,6.349671,42.8,93,90,8.05
57,bankra,in,22.6275,88.298056,80.6,65,20,9.17
58,galan,co,6.637808,-73.288778,82.4,65,40,4.7
59,tecamachalco,mx,18.883333,-97.733333,77.91,37,0,6.62
60,salta,ar,-24.785896,-65.411664,68.0,52,75,11.41
61,bangaon,in,23.066667,88.816667,80.6,65,20,9.17
62,hluk,cz,48.987772,17.526427,41.0,86,75,5.82
63,saly,hu,47.95,20.666667,38.09,71,64,2.71
64,braine-le-comte,be,50.6,4.133333,48.2,100,75,13.87
65,troitskoye,ru,55.3,38.533333,24.8,62,0,6.71
66,vinsady,ru,44.080833,42.965278,44.6,93,0,4.72
67,guinacutan,ph,14.1569,122.868,79.22,100,88,15.57
68,nishio,jp,34.866667,137.05,50.0,87,20,1.36
69,halmasd,ro,47.15,22.616667,42.8,93,76,5.82
70,palencia,es,42.009552,-4.524063,59.0,44,0,10.29
71,calw,de,48.716667,8.733333,46.4,61,75,10.29
72,eger,hu,47.9,20.383333,38.09,71,64,2.71
73,maruko,jp,36.316667,138.266667,28.32,80,0,1.92
74,skoutari,gr,41.0166667,23.5166667,48.44,76,56,2.15
75,velky tynec,cz,49.551547,17.335117,35.6,94,75,1.12
76,ladenburg,de,49.475,8.606944,48.2,66,75,6.93
77,bryansk,ru,53.252089,34.371666,25.49,92,88,15.23
78,sodhra,pk,32.461622,74.182339,69.8,68,64,2.24
79,clearlake,us,38.9583333,-122.6252778,66.2,47,1,4.7
80,barkly west,za,-28.535366,24.521506,66.2,48,0,5.82
81,san pablo,ph,14.9696,120.6197,77.0,73,75,2.24
82,brikama,gm,13.2675,-16.6461111,82.4,48,0,6.93
83,ramgarh,in,33.4,74.2,42.54,100,92,1.03
84,ketsch,de,49.367778,8.531111,48.2,66,75,6.93
85,wisconsin rapids,us,44.3836111,-89.8172222,41.0,75,90,11.41
86,anta,pe,-13.4630556,-72.1552778,64.4,42,40,4.7
87,fleron,be,50.616667,5.683333,44.6,93,75,11.41
88,naples park,us,26.2613889,-81.8094444,82.4,39,1,17.22
89,jales,br,-20.266667,-50.55,81.74,59,80,10.54
90,panarukan,id,-7.7008,113.9529,70.67,96,80,2.37
91,mlimba,tz,-8.8,35.8166667,72.69,96,48,2.59
92,barsbuttel,de,53.566667,10.166667,44.6,52,0,9.17
93,chateau-thierry,fr,49.05,3.4,51.8,93,88,9.17
94,karagay,ru,58.26669,54.936783,20.04,86,88,6.96
95,ardon,ru,52.735241,32.308569,29.63,89,92,13.78
96,balaceanu,ro,45.266667,27.15,35.48,97,48,7.63
97,bjerringbro,dk,56.377973,9.66065,33.8,86,76,14.99
98,tolmachevo,ru,58.859731,29.910906,15.23,70,0,2.37
99,moalboal,ph,9.943333,123.399167,75.84,100,12,7.96
100,krini,gr,39.6166667,22.0166667,50.06,65,24,4.38
101,nagato,jp,34.383333,131.2,50.0,76,0,3.36
102,khuzhir,ru,53.193889,107.339722,13.97,79,36,2.48
103,mandalay,mm,22.0,96.0833333,68.69,91,0,0.92
104,huncherange,lu,49.5169444,6.065,42.8,100,75,12.75
105,thap khlo,th,16.160028,100.596556,73.19,90,64,2.37
106,sochaczew,pl,52.233333,20.25,33.8,74,90,8.05
107,zheleznodorozhnyy,ru,54.363258,21.305698,27.92,48,12,6.51
108,ladybank,gb,56.266667,-3.133333,46.4,87,40,12.75
109,khorion,gr,36.9666667,26.9666667,59.0,77,40,3.38
110,feira,pt,40.925348,-8.542769,55.4,81,0,8.05
111,jurbarkas,lt,55.0777778,22.7663889,28.32,56,24,8.08
112,argelia,co,5.731269,-75.142573,71.6,53,40,6.93
113,barrie,ca,44.383333,-79.7,37.4,93,90,11.41
114,tacuta,ro,46.916667,27.683333,41.0,87,40,3.36
115,chaohu,cn,31.6,117.866667,59.0,87,0,8.95
116,warner robins,us,32.6208333,-83.6,68.0,55,40,8.05
117,zofingen,ch,47.289945,7.947274,44.6,81,90,3.36
118,ratodero,pk,27.802955,68.287078,78.8,54,0,6.93
119,baldone,lv,56.7069444,24.3519444,26.6,63,0,5.82
120,essex,ca,42.166667,-82.816667,53.6,93,90,8.05
121,smyrna,us,35.9827778,-86.5186111,64.4,63,20,16.11
122,sanchez,do,19.2333333,-69.6,77.0,78,75,17.22
123,bosconia,co,9.968889,-73.883611,88.71,70,0,1.59
124,wojkowice,pl,50.370433,19.061742,35.6,93,75,3.36
125,indergarh,in,26.9352,79.6724,69.72,43,0,2.71
126,kuna,us,43.4919444,-116.4191667,50.0,53,1,8.05
127,boaco,ni,12.4666667,-85.6666667,91.4,59,40,11.41
128,ecuandureo,mx,20.166667,-102.183333,80.39,25,0,4.61
129,horstel,de,52.316667,7.583333,44.6,75,75,3.36
130,mozhga,ru,56.374511,52.255426,29.9,94,92,1.36
131,andzhiyevskiy,ru,44.238889,43.085556,44.6,93,0,4.16
132,salina cruz,mx,16.166667,-95.2,89.61,47,0,6.17
133,dagumba-an,ph,8.153056,124.590833,59.06,100,8,1.92
134,petrykiv,ua,49.531218,25.579009,35.79,86,80,5.39
135,santa rosa,co,10.444722,-75.369722,87.8,62,20,19.46
136,richard toll,sn,16.4666667,-15.6833333,96.5,14,56,7.74
137,annandale,us,38.8302778,-77.1966667,44.6,75,90,9.17
138,bondues,fr,50.701956,3.094972,50.0,93,90,12.75
139,pangarati,ro,46.933333,26.15,36.24,96,92,1.92
140,bayamo,cu,20.3791667,-76.6433333,80.6,51,75,16.11
141,bowral,au,-34.477501,150.420395,55.4,100,0,1.12
142,emborion,gr,40.4833333,21.55,42.95,95,68,1.36
143,kanasin,mx,20.933333,-89.566667,91.4,33,5,19.46
144,vladeni,ro,47.416667,27.333333,41.0,98,40,3.36
145,boissy-saint-leger,fr,48.751495,2.511632,53.6,71,75,17.22
146,chester,us,42.9566667,-71.2577778,48.2,18,75,5.82
147,silvania,co,4.403671,-74.3867,62.6,67,40,5.82
148,pilos,gr,36.91,21.6986111,53.6,81,40,4.5
149,lesna,cz,49.519404,17.93131,37.4,94,75,1.12
150,tomaszow mazowiecki,pl,51.538614,20.017606,32.0,84,75,5.82
151,sangar,ru,63.924167,127.473889,3.71,62,0,7.85
152,yeadon,us,39.9388889,-75.2558333,46.4,41,1,3.83
153,celarevo,rs,45.269444,19.525278,39.2,93,0,8.05
154,grave,nl,51.758614,5.739412,44.6,100,75,5.82
155,hornbaek,dk,56.08541,12.450485,33.8,92,40,14.99
156,vitim,ru,59.451111,112.557778,15.32,67,68,3.71
157,leninogorsk,ru,54.602559,52.460871,29.27,93,88,9.19
158,ostrov,ro,44.116667,27.366667,35.3,94,64,7.52
159,dasoguz,tm,41.8333333,59.9666667,55.4,43,0,16.11
160,volodarka,ua,49.524836,29.912219,34.44,88,32,7.4
161,shahgarh,in,24.316667,79.133333,66.26,34,0,3.15
162,muri,ch,47.270428,8.3382,44.6,86,75,9.17
163,chaupal,in,30.95,77.583333,44.48,73,24,1.81
164,sokur,ru,55.2092,83.2223,26.6,79,0,11.18
165,rivalta di torino,it,45.033333,7.516667,57.2,43,40,8.05
166,slanic-moldova,ro,46.2,26.433333,39.2,80,90,4.7
167,meylan,fr,45.219879,5.790074,44.6,93,90,6.93
168,antofagasta,cl,-23.65,-70.4,68.0,64,75,11.41
169,estacion coahuila,mx,32.193889,-115.001667,71.6,10,1,16.11
170,alboraya,es,39.5,-0.35,68.0,40,0,3.36
171,inyonga,tz,-6.7166667,32.0666667,64.59,98,48,1.92
172,nibe,dk,56.981502,9.639167,32.78,96,64,16.69
173,strathmore,ca,51.04,-113.42,48.2,31,75,28.86
174,kiras vrisi,gr,37.9166667,22.9833333,57.2,62,20,6.93
175,buinsk,ru,55.195,47.0608,31.97,87,92,7.96
176,karabulak,kz,44.908889,78.492222,37.91,90,64,2.37
177,feni,bd,23.0186111,91.41,77.87,88,12,7.85
178,noordwijk,nl,52.237915,4.474689,44.6,93,75,9.17
179,foldeak,hu,46.316667,20.5,42.8,86,0,6.93
180,gua,in,22.2,85.383333,65.49,67,0,2.04
181,ozu,jp,33.5,132.55,41.91,81,0,1.81
182,ajdovscina,si,45.8875,13.9111111,50.0,75,75,4.7
183,dourados,br,-22.216667,-54.8,81.74,79,88,7.85
184,gara,hu,46.031944,19.042778,37.4,93,0,8.05
185,kunnamkulam,in,10.65,76.083333,84.2,83,40,2.24
186,ingenio,es,27.918285,-15.447214,68.0,68,20,16.11
187,aci catena,it,37.6,15.133333,53.6,66,40,6.93
188,kolpashevo,ru,58.313056,82.908889,26.34,87,76,11.77
189,lamlash,gb,55.533333,-5.15,42.8,81,40,14.99
190,oracon,ph,10.4782,122.5839,79.13,100,24,15.57
191,perg,at,48.25,14.633333,39.2,80,75,4.7
192,hailar,cn,49.2,119.7,29.72,73,80,16.35
193,ivajlovgrad,bg,41.5333333,26.1333333,48.44,94,48,7.96
194,eunice,us,30.4941667,-92.4175,80.6,73,90,5.82
195,waldorf,us,38.6244444,-76.9394444,44.6,48,40,6.93
196,vinca,rs,44.76,20.619722,42.8,86,0,6.93
197,shyroke,ua,47.957114,38.231602,37.14,100,20,9.19
198,stiring-wendel,fr,49.2,6.933333,42.8,93,75,11.41
199,angra,pt,38.65,-27.216667,68.0,72,20,10.09
200,muqui,br,-20.95,-41.3,84.53,50,76,8.75
201,sombrerete,mx,23.633333,-103.65,74.04,19,0,8.41
202,saint-ghislain,be,50.45,3.816667,50.0,93,90,12.75
203,tucurui,br,-3.7,-49.7,88.17,66,12,3.04
204,kamwenge,ug,0.2111111,30.4208333,65.27,90,8,2.71
205,cuyotenango,gt,14.533333,-91.566667,91.4,43,40,6.93
206,turka,ru,52.9492,108.2217,11.49,72,8,2.82
207,georgiyevskaya,ru,44.111389,43.492222,48.2,93,0,4.16
208,piedade,br,-23.713098,-47.414578,72.83,92,64,3.15
209,rajgarh,in,27.233333,76.633333,73.64,24,0,8.08
210,sampagar,ph,7.513889,124.955278,56.22,89,8,2.59
211,kotri,pk,25.366004,68.312155,80.16,34,0,13.22
212,terlizzi,it,41.133333,16.533333,48.2,81,0,2.24
213,kallifitos,gr,41.1666667,24.2166667,55.4,82,75,4.7
214,pando,ph,15.393954,120.684731,77.0,73,75,2.24
215,don sak,th,9.316763,99.691836,83.09,100,0,11.88
216,tara,ph,13.816667,122.983333,74.27,97,68,9.64
217,laharpur,in,27.716667,80.9,72.42,45,0,4.83
218,la jigua,hn,15.0333333,-88.8,77.42,68,36,2.59
219,borovo,bg,43.5,25.8,42.8,100,20,3.36
220,saa,cm,4.3666667,11.45,77.0,83,20,8.41
221,bonavista,ca,48.633333,-53.1,38.22,73,0,4.16
222,hazelwood,us,38.7713889,-90.3708333,60.8,87,90,12.75
223,racale,it,39.95,18.1,53.6,87,40,3.36
224,assare,br,-6.866667,-39.866667,85.29,68,24,7.18
225,batang berjuntai,my,3.383333,101.416667,77.0,88,75,2.24
226,san dona di piave,it,45.631667,12.569444,51.8,71,75,9.17
227,valsamata,gr,38.1666667,20.6,55.4,87,75,5.61
228,vlist,nl,51.983806,4.815229,44.6,100,75,8.05
229,andujar,es,38.039221,-4.050775,61.67,77,0,2.71
230,bonnybridge,gb,56.0,-3.883333,44.6,81,90,12.75
231,amanganj,in,24.433333,80.033333,65.31,41,0,2.15
232,tursunzoda,tj,38.5108333,68.2302778,53.6,81,75,8.95
233,saint charles,us,38.6030556,-76.9388889,44.6,48,40,6.93
234,gratia,ro,44.433333,25.45,42.8,93,90,2.24
235,dostpur,in,26.283333,82.466667,76.25,35,0,7.85
236,perni,gr,41.0,24.6333333,55.4,82,75,4.7
237,le kremlin-bicetre,fr,48.814713,2.360728,53.6,71,75,17.22
238,minapasuk,ph,10.69885,123.349002,77.6,97,48,7.96
239,cabannungan,ph,17.12264,121.852443,65.54,93,44,3.15
240,tezonapa,mx,18.609167,-96.691667,87.41,67,0,3.94
241,silikatnyy,ru,53.989572,48.327495,35.6,64,40,6.71
242,rosia,ro,45.816667,24.316667,37.4,86,75,10.29
243,isaka,tz,-3.9,32.9333333,73.59,73,80,2.15
244,patiala,in,30.326667,76.400278,67.56,72,0,1.92
245,esperanza,do,19.5833333,-71.0,84.2,54,40,11.41
246,jand,pk,33.429853,72.019285,59.15,99,0,3.27
247,khilok,ru,51.3674,110.4676,14.42,61,0,2.93
248,clonmel,ie,52.355,-7.7038889,45.29,84,76,8.52
249,camiri,bo,-20.05,-63.5166667,75.2,44,75,4.94
250,rombas,fr,49.249107,6.094054,42.8,93,90,14.99
251,cucuta,co,7.893907,-72.507821,87.8,58,40,11.41
252,niny,ru,44.487778,43.948889,43.71,92,0,5.39
253,mantiquil,ph,9.166667,123.05,80.39,88,20,5.17
254,madison heights,us,37.4308333,-79.1233333,37.4,86,90,5.82
255,san rafael,ph,14.9056,120.6945,77.0,73,75,2.24
256,shubarkuduk,kz,49.144722,56.487222,31.92,82,24,9.75
257,sindos,gr,40.6697222,22.8047222,55.4,66,40,1.12
258,nea kerasia,gr,40.3666667,23.2333333,55.4,66,40,1.12
259,ilihan,ph,10.9054,123.9704,77.0,78,90,1.12
260,letham,gb,56.616667,-2.766667,46.4,87,40,12.75
261,aguililla,mx,18.733333,-102.733333,83.9,33,0,1.03
262,ayia marina,gr,35.5166667,23.9333333,59.0,82,20,3.15
263,tiszanagyfalu,hu,48.1,21.483333,41.0,85,75,11.41
264,aktash,ru,50.3,87.733333,7.94,65,0,1.7
265,qostanay,kz,53.166667,63.583333,24.8,79,0,17.9
266,cantilan,ph,9.333611,125.9775,80.61,100,48,17.13
267,campos belos,br,-13.05,-46.883333,83.54,80,20,6.62
268,puerto rico,co,2.938333,-73.208333,86.37,65,24,3.38
269,filderstadt,de,48.666667,9.216667,46.4,61,75,10.29
270,ghaziabad,in,28.666667,77.433333,78.8,36,0,3.15
271,banjaran,id,-6.871667,107.77,71.97,98,92,2.93
272,kuching,my,1.55,110.333333,75.2,94,75,6.29
273,los negros,bo,-17.7333333,-63.4333333,73.4,49,90,11.41
274,xewkija,mt,36.032778,14.258056,55.4,71,20,12.75
275,mabantao,ph,7.643333,125.674722,75.2,78,75,4.7
276,hartford,us,43.6605556,-72.3388889,48.2,21,1,4.7
277,burke,us,38.7933333,-77.2719444,44.6,75,90,9.17
278,ocsa,hu,47.299862,19.230569,44.6,56,0,6.93
279,monroe,us,42.6011111,-89.6383333,44.6,80,90,11.41
280,perni,gr,41.0,24.6333333,55.4,82,75,4.7
281,nam dinh,vn,20.416667,106.166667,65.49,96,56,3.83
282,pryazha,ru,61.692584,33.621586,19.4,79,36,4.47
283,linchuan,cn,27.938274,116.292688,53.12,80,0,2.71
284,kyra,ru,49.5776,111.9753,19.77,47,0,6.4
285,gyorujbarat,hu,47.606425,17.648751,42.8,80,0,8.05
286,pacocha,pe,-17.5833333,-71.3333333,75.12,65,0,4.38
287,mezica,si,46.5213889,14.8544444,41.0,80,75,6.93
288,granicesti,ro,47.816667,26.066667,41.0,93,92,5.82
289,kabac,ph,11.2353,123.6979,81.02,100,44,14.0
290,rockland,ca,45.533333,-75.283333,42.8,59,90,10.29
291,plana nad luznici,cz,49.344926,14.713605,34.31,92,44,0.81
292,baley,ru,51.6,116.633333,20.45,59,56,3.49
293,plankstadt,de,49.394444,8.596111,48.2,66,75,6.93
294,sursee,ch,47.170881,8.111132,44.6,87,75,1.12
295,viperesti,ro,45.233333,26.466667,34.85,98,48,4.94
296,novovoronezh,ru,51.307193,39.217316,32.0,98,90,4.47
297,santa maria da boa vista,br,-8.816667,-39.816667,85.88,54,36,12.1
298,padilla,co,3.220376,-76.313851,86.0,51,75,5.82
299,vyara,in,21.116667,73.4,75.12,78,12,8.41
300,pano aqil,pk,27.856848,69.111564,78.8,54,0,6.93
301,ubauro,pk,28.165241,69.728898,74.45,36,0,9.42
302,joniskelis,lt,56.0252778,24.1688889,24.8,53,0,4.7
303,kashkhatau,ru,43.318484,43.60804,48.2,81,0,4.47
304,fujin,cn,47.26,132.032222,55.77,56,80,19.48
305,draper,us,40.5247222,-111.8630556,46.4,48,1,13.87
306,oriximina,br,-1.765278,-55.863889,87.59,66,32,5.39
307,lalin,es,42.660853,-8.112852,51.8,81,40,6.93
308,rangia,in,26.466667,91.633333,70.71,73,36,4.5
309,sabana abajo,hn,14.6,-86.5833333,71.93,91,80,3.71
310,ramon,ru,51.915695,39.336087,32.0,95,90,4.47
311,cristesti,ro,46.5,24.483333,41.0,93,92,8.05
312,bruchsal,de,49.128056,8.583611,48.2,66,75,6.93
313,ghugus,in,19.933333,79.133333,71.84,68,0,2.48
314,didam,nl,51.940861,6.138833,44.6,93,90,8.05
315,kankipadu,in,16.45,80.783333,78.77,91,44,8.75
316,salinas,mx,22.633333,-101.716667,75.71,36,0,5.28
317,antigonish,ca,45.616667,-61.966667,46.4,20,1,18.34
318,aleksin,ru,54.50503,37.067403,21.44,85,76,13.33
319,severo-zadonsk,ru,54.034809,38.401721,24.41,96,92,15.57
320,betma,in,22.683333,75.616667,71.52,27,48,5.95
321,richmond,ca,45.183333,-75.833333,50.0,41,75,12.75
322,omealca,mx,18.75,-96.766667,87.41,67,0,3.94
323,nigran,es,42.147784,-8.801099,51.8,81,20,10.29
324,tawala,ph,9.559167,123.783056,78.36,99,48,10.42
325,lichtenburg,za,-26.152004,26.159679,65.67,68,12,2.71
326,bezons,fr,48.924257,2.212803,53.6,76,90,19.46
327,la venta del astillero,mx,20.716667,-103.533333,78.8,13,5,11.41
328,ararat,au,-37.285419,142.927277,57.26,63,68,11.43
329,methoni,gr,40.4483333,22.5869444,55.4,66,40,1.12
330,urman,ru,54.88314,56.874172,29.04,82,92,8.52
331,lesnoy,ru,59.780996,52.128377,8.21,65,0,4.61
332,miramar,us,25.9869444,-80.2325,78.8,41,20,23.04
333,franklin lakes,us,41.0166667,-74.2061111,46.4,41,1,4.7
334,strumica,mk,41.4375,22.6433333,41.06,84,0,2.15
335,skibby,dk,55.751225,11.960827,33.8,100,80,10.29
336,san luis,cu,22.2786111,-83.7611111,82.19,51,0,13.22
337,daliao,ph,5.861111,124.953333,71.39,100,56,4.38
338,polikastron,gr,40.9936111,22.5658333,55.4,66,40,1.12
339,stonehouse,gb,55.666667,-3.983333,44.6,87,40,10.29
340,kachug,ru,53.960556,105.881667,15.09,75,88,2.59
341,ural,ru,55.9052,94.7537,25.04,83,24,13.22
342,tinjah,tn,37.15964,9.760601,57.2,62,40,13.87
343,balatonszabadi,hu,46.893975,18.137375,43.13,86,8,7.07
344,gondomar,pt,41.144536,-8.532229,55.4,81,0,8.05
345,badarwas,in,24.966667,77.566667,67.74,43,0,3.71
346,milingimbi,au,-12.10188,134.919006,83.18,100,12,8.97
347,agrafa,gr,39.1372222,21.65,42.09,92,44,1.7
348,san francisco,co,6.116667,-75.983333,82.4,45,20,13.87
349,cesky tesin,cz,49.745479,18.621783,37.4,95,75,1.12
350,george enescu,ro,48.033333,26.483333,41.0,93,92,5.82
351,san bartolo del llano,mx,19.590833,-99.743889,68.0,32,40,6.93
352,bone,id,-4.5386,120.3279,82.91,100,32,10.65
353,kormilovka,ru,55.002644,74.10281,21.2,79,0,8.95
354,entebbe,ug,0.0644444,32.4469444,72.83,100,12,7.18
355,mosesgegh,am,40.9063889,45.4913889,46.91,72,0,3.15
356,ahrarne,ua,45.015958,34.057246,40.34,85,64,9.75
357,yele,sl,8.4166667,-11.8333333,81.06,86,24,7.18
358,san jose,ph,10.770278,122.533889,71.16,100,76,6.17
359,chingola,zm,-12.5333333,27.85,75.89,60,88,7.74
360,nagua,do,19.3833333,-69.8333333,77.0,78,75,17.22
361,vathilakkos,gr,40.7694444,22.7016667,55.4,66,40,1.12
362,yatsuo,jp,36.566667,137.133333,46.4,70,0,2.24
363,krasnoarmeyskoye,ru,55.768128,47.172438,24.8,100,40,8.95
364,boldesti,ro,44.866667,26.533333,42.8,93,75,2.24
365,pavda,ru,59.250886,59.508019,3.44,62,0,3.6
366,trabzon,tr,41.005,39.726944,57.2,62,0,13.87
367,bethausen,ro,45.833056,21.952778,42.8,87,80,1.12
368,pontefract,gb,53.683333,-1.3,48.2,76,75,10.29
369,sangeorgiu-de-padure,ro,46.433333,24.833333,41.0,93,92,8.05
370,zaida,pk,34.060278,72.467778,54.2,97,0,2.48
371,fucecchio,it,43.733333,10.8,55.4,58,20,9.17
372,atzompa,mx,19.033333,-98.333333,73.4,33,5,11.41
373,locri,it,38.233333,16.266667,55.4,66,40,4.7
374,atenco,mx,19.516667,-98.916667,77.0,27,5,5.82
375,joppatowne,us,39.4577778,-76.3555556,44.6,56,75,3.36
376,tazagyukh,am,40.1416667,45.1913889,59.0,67,88,3.36
377,san miguel,ph,16.0247,120.3524,66.35,89,36,2.71
378,tinogboc,ph,12.00737,121.412211,79.67,100,0,15.46
379,harrismith,za,-28.272758,29.129462,56.27,74,0,2.26
380,san josecito,cr,10.016667,-84.1,84.2,50,20,24.16
381,riachao do dantas,br,-11.066667,-37.733333,81.96,65,92,11.88
382,millet,ca,53.083333,-113.466667,28.4,86,90,6.93
383,macalong,ph,16.0137,120.6586,66.35,89,36,2.71
384,charter oak,us,34.1030556,-117.845,71.6,17,1,8.05
385,cogon,ph,7.150833,125.717222,75.2,78,75,4.7
386,oancea,ro,45.916667,28.1,35.34,90,88,2.93
387,kuzino,ru,59.776647,38.3104,9.11,70,0,6.17
388,satitoa,ws,-13.9833333,-171.3666667,80.66,100,64,2.93
389,santa cruz naranjo,gt,14.388056,-90.369722,77.0,47,75,13.87
390,sergeyevka,ru,44.335,131.656111,55.64,47,32,10.31
391,erwitte,de,51.616667,8.35,44.6,75,90,5.82
392,novomoskovsk,ru,54.0105,38.2846,24.41,96,92,15.57
393,lindas,no,60.738056,5.16,32.46,85,0,3.04
394,ignacio zaragoza,mx,28.383333,-107.216667,56.81,24,0,15.79
395,sandanski,bg,41.5666667,23.2833333,39.66,93,0,2.15
396,volchanets,ru,42.913056,132.746944,24.27,78,0,1.7
397,bucovice,cz,49.150789,17.002631,39.2,74,0,11.41
398,minapan,ph,6.815,124.858611,69.72,98,8,2.82
399,kisarazu,jp,35.374722,139.9225,59.0,72,0,3.36
400,vaureal,fr,49.033333,2.033333,53.6,81,90,13.87
401,coyula,mx,20.633333,-103.2,78.8,13,5,11.41
402,pachavita,co,5.139686,-73.397393,62.61,81,80,2.48
403,qiyang,cn,26.573073,111.841839,53.39,87,0,1.14
404,clichy-sous-bois,fr,48.910197,2.553235,53.6,87,75,10.29
405,acton,ca,43.633333,-80.033333,39.2,100,90,12.75
406,monostorpalyi,hu,47.4,21.783333,41.0,86,75,6.93
407,san francisco,ph,9.528056,125.485556,78.41,98,56,10.2
408,lanxi,cn,29.21946,119.476953,47.36,85,0,2.15
409,alsozsolca,hu,48.066667,20.883333,37.28,85,56,2.48
410,khorosheve,ua,49.852789,36.219476,33.8,100,90,8.95
411,brewster,us,41.76,-70.0833333,44.6,60,1,10.29
412,khatanga,ru,71.966667,102.5,-35.49,0,0,4.61
413,acu,br,-5.577222,-36.9075,82.46,88,68,5.95
414,lucani,rs,43.860833,20.138056,42.8,85,0,8.05
415,adelfia,it,41.0,16.866667,51.8,81,0,2.24
416,martano,it,40.2,18.3,53.6,87,75,5.73
417,parkes,au,-33.137199,148.175903,54.83,88,0,6.4
418,san jose,ph,10.745,121.9415,76.97,100,24,13.67
419,slupca,pl,52.290352,17.873101,36.06,66,0,4.72
420,zhirnovsk,ru,50.984482,44.773474,34.76,93,92,13.78
421,kattivakkam,in,13.216667,80.316667,84.2,83,0,5.82
422,vizimyary,ru,56.438047,46.938364,24.8,100,40,8.95
423,anantnag,in,33.733333,75.15,40.43,90,88,2.15
424,galiwinku,au,-12.02811,135.564865,81.83,97,0,5.61
425,pirajui,br,-21.983333,-49.483333,77.46,78,88,4.38
426,dowa,mw,-13.65,33.9333333,72.56,88,36,6.17
427,nautanwa,in,27.433333,83.416667,65.94,52,0,2.71
428,sasykoli,ru,47.55153,46.996791,44.3,76,32,12.88
429,hoyerswerda,de,51.433333,14.25,39.2,64,0,5.82
430,axioupoli,gr,40.9836111,22.535,55.4,66,40,1.12
431,mataruska banja,rs,43.688611,20.610556,42.8,85,75,2.26
432,loganville,us,33.8388889,-83.9008333,51.8,87,90,4.7
433,california,co,7.347089,-72.945185,80.6,65,40,4.7
434,urasoe,jp,26.259023,127.730124,68.0,72,20,4.7
435,cariacica,br,-20.266667,-40.416667,84.2,70,20,8.05
436,tuban,ph,6.822778,125.386944,75.2,78,75,4.7
437,hofn,is,64.25,-15.216667,37.91,100,92,29.66
438,fatehabad,in,29.516667,75.45,72.29,42,0,0.58
439,andover,us,37.7138889,-97.1361111,44.6,81,90,12.75
440,libacao,ph,11.480201,122.304207,72.47,95,92,4.16
441,mezobereny,hu,46.816667,21.033333,42.8,87,0,1.12
442,tucume,pe,-6.51,-79.8583333,82.4,61,0,13.87
443,borodyanka,ua,50.644842,29.920103,39.2,92,40,4.47
444,melfi,td,11.0597222,17.9330556,89.97,40,0,2.71
445,louis trichardt,za,-23.043853,29.90319,69.59,79,12,5.39
446,sapa,ph,5.1544,120.3241,82.59,100,12,12.55
447,swiebodzice,pl,50.859755,16.328198,33.8,80,75,2.24
448,huty,ua,50.13322,35.343936,28.14,86,20,5.5
449,mazagao,br,-0.116667,-51.283333,93.2,56,75,8.05
450,lagoa da canoa,br,-9.816667,-36.766667,80.57,70,76,12.44
451,matata,nz,-37.883333,176.75,67.47,100,92,8.97
452,palaiokipos,gr,39.0558333,26.4511111,59.0,72,40,11.41
453,gurkovo,bg,42.6666667,25.7333333,42.8,100,32,3.36
454,veverska bityska,cz,49.275743,16.436621,39.2,74,0,11.41
455,anonang,ph,16.1069,120.4373,66.35,89,36,2.71
456,alvdal,no,62.116667,10.65,12.2,47,0,4.7
457,asgardstrand,no,59.348889,10.4675,30.2,30,0,4.7
458,patna,gb,55.35,-4.5,42.8,81,40,14.99
459,xuchang,cn,34.016667,113.816667,69.8,56,0,6.71
460,fuyang,cn,30.053333,119.951944,55.4,100,0,2.15
461,crevedia mare,ro,44.429167,25.625556,42.8,93,90,2.24
462,labog,ph,9.0558,118.0495,78.59,100,68,3.6
463,poso,id,-1.3959,120.7524,79.13,100,20,3.94
464,rognedino,ru,53.801468,33.557597,24.05,83,64,12.66
465,luque,py,-25.266667,-57.566667,69.8,88,90,5.82
466,ambatondrazaka,mg,-17.8333333,48.4166667,65.45,92,20,3.15
467,diaz,ph,15.8463,120.8347,71.34,100,80,4.94
468,alugan,ph,12.2188,125.4808,75.8,100,92,11.88
469,guadalupe,pe,-7.25,-79.4833333,82.4,61,0,13.87
470,saint-malo,fr,48.6361,-2.004935,53.6,81,90,13.87
471,greenwood village,us,39.6172222,-104.9502778,41.0,85,40,4.7
472,amilpas,mx,16.366667,-94.616667,84.84,81,0,7.18
473,mala bilozerka,ua,47.247366,34.934574,35.52,99,8,7.63
474,rosedale,us,39.32,-76.5158333,44.6,56,75,3.36
475,wanxian,cn,30.803889,108.389722,50.96,94,20,1.7
476,el carmen,co,8.510637,-73.447755,73.73,81,76,2.71
477,krupka,cz,50.681912,13.864749,39.2,64,0,5.82
478,worcester,za,-33.64651,19.448523,62.07,44,20,2.71
479,la trinitaria,mx,16.116667,-92.05,81.24,44,0,4.38
480,cairo montenotte,it,44.4,8.266667,57.2,82,40,8.05
481,rapid valley,us,44.0625,-103.1458333,48.2,39,1,6.93
482,nsunga,tz,-1.1438889,31.3947222,65.67,93,0,2.71
483,silikatnyy,ru,53.989572,48.327495,35.6,64,40,6.71
484,eersel,nl,51.356604,5.31992,46.4,93,90,9.17
485,thalgau,at,47.833333,13.25,39.2,85,0,5.82
486,kavallarion,gr,40.7166667,23.05,55.4,66,40,1.12
487,bad wurzach,de,47.9,9.9,46.4,60,75,10.29
488,aguimes,es,27.905052,-15.445395,68.0,68,20,16.11
489,el palmar,gt,14.65,-91.583333,91.4,43,40,6.93
490,islamey,ru,43.675556,43.455,48.2,81,0,4.47
491,rochester,us,43.3044444,-70.9761111,48.2,22,1,3.36
492,teykovo,ru,56.85796,40.536915,12.53,72,0,8.52
493,valderrama,ph,11.405907,122.083707,77.64,100,44,13.89
494,veroia,gr,40.5233333,22.2036111,55.4,66,40,1.12
495,forest city,us,28.6613889,-81.4191667,78.8,44,40,21.92
496,remich,lu,49.545,6.3669444,42.8,100,75,12.75
497,tymovskoye,ru,50.845556,142.655,30.62,73,48,3.94
498,loandjili,cg,-4.7561111,11.8577778,77.0,94,40,3.36
499,south burlington,us,44.4669444,-73.1713889,46.4,33,75,12.75
